{
  "benchmarks": [
    "ibm01",
    "ibm02",
    "ibm03",
    "ibm04",
    "ibm06",
    "ibm07",
    "ibm08",
    "ibm09",
    "ibm10",
    "ibm11",
    "ibm12",
    "ibm13",
    "ibm14",
    "ibm15",
    "ibm16",
    "ibm17",
    "ibm18"
  ],
  "gpu": 1,
  "mode": "direct",
  "storage": "sqlite:///C:\\Users\\gigabug\\Desktop\\macro-placement\\macro-place-challenge-2026\\submissions\\bowrango\\gridsearch.db",
  "studies": {
    "ibm01": {
      "best_benchmarks": {
        "ibm01": {
          "congestion_cost": 1.1412127518177868,
          "density_cost": 0.49879828095436096,
          "overlap_count": 36,
          "params": {
            "density_weight": 1.9639309550927127e-05,
            "iterations": 2100,
            "target_density": 0.9060512733410484
          },
          "proxy_cost": 0.8916202783584595,
          "seconds": 22.17637062072754,
          "wirelength_cost": 0.0716148167848587
        }
      },
      "best_params": {
        "density_weight": 1.9639309550927127e-05,
        "iterations": 2100,
        "target_density": 0.9060512733410484
      },
      "best_proxy_cost": 0.8916202783584595,
      "best_trial": 53,
      "complete_trials": 67,
      "n_trials": 70,
      "study_name": "dreamplace_direct_proxy_search_ibm01"
    },
    "ibm02": {
      "best_benchmarks": {
        "ibm02": {
          "congestion_cost": 1.4253390660178666,
          "density_cost": 0.7787797451019287,
          "overlap_count": 119,
          "params": {
            "density_weight": 1.333043371265949e-05,
            "iterations": 900,
            "target_density": 0.8416610780102656
          },
          "proxy_cost": 1.162445306777954,
          "seconds": 15.46680736541748,
          "wirelength_cost": 0.060385823249816895
        }
      },
      "best_params": {
        "density_weight": 1.333043371265949e-05,
        "iterations": 900,
        "target_density": 0.8416610780102656
      },
      "best_proxy_cost": 1.162445306777954,
      "best_trial": 28,
      "complete_trials": 40,
      "n_trials": 40,
      "study_name": "dreamplace_direct_proxy_search_ibm02"
    },
    "ibm03": {
      "best_benchmarks": {
        "ibm03": {
          "congestion_cost": 1.6214475069492764,
          "density_cost": 0.5019518136978149,
          "overlap_count": 75,
          "params": {
            "density_weight": 1.1108970826465086e-05,
            "iterations": 1100,
            "target_density": 0.9420233012961632
          },
          "proxy_cost": 1.1441890001296997,
          "seconds": 15.57896375656128,
          "wirelength_cost": 0.08248934894800186
        }
      },
      "best_params": {
        "density_weight": 1.1108970826465086e-05,
        "iterations": 1100,
        "target_density": 0.9420233012961632
      },
      "best_proxy_cost": 1.1441890001296997,
      "best_trial": 16,
      "complete_trials": 40,
      "n_trials": 40,
      "study_name": "dreamplace_direct_proxy_search_ibm03"
    },
    "ibm04": {
      "best_benchmarks": {
        "ibm04": {
          "congestion_cost": 1.5399737106218536,
          "density_cost": 0.5033433437347412,
          "overlap_count": 36,
          "params": {
            "density_weight": 2.370629741524234e-05,
            "iterations": 2200,
            "target_density": 0.6644706658414294
          },
          "proxy_cost": 1.1022071838378906,
          "seconds": 27.26512336730957,
          "wirelength_cost": 0.08054857701063156
        }
      },
      "best_params": {
        "density_weight": 2.370629741524234e-05,
        "iterations": 2200,
        "target_density": 0.6644706658414294
      },
      "best_proxy_cost": 1.1022071838378906,
      "best_trial": 39,
      "complete_trials": 40,
      "n_trials": 40,
      "study_name": "dreamplace_direct_proxy_search_ibm04"
    },
    "ibm06": {
      "best_benchmarks": {
        "ibm06": {
          "congestion_cost": 1.9394207840409174,
          "density_cost": 0.5630164742469788,
          "overlap_count": 52,
          "params": {
            "density_weight": 5.5419430125531776e-05,
            "iterations": 1100,
            "target_density": 0.7860048856599108
          },
          "proxy_cost": 1.3216567039489746,
          "seconds": 18.435156106948853,
          "wirelength_cost": 0.07043810933828354
        }
      },
      "best_params": {
        "density_weight": 5.5419430125531776e-05,
        "iterations": 1100,
        "target_density": 0.7860048856599108
      },
      "best_proxy_cost": 1.3216567039489746,
      "best_trial": 36,
      "complete_trials": 40,
      "n_trials": 40,
      "study_name": "dreamplace_direct_proxy_search_ibm06"
    },
    "ibm07": {
      "best_benchmarks": {
        "ibm07": {
          "congestion_cost": 1.7225157495898777,
          "density_cost": 0.5052605271339417,
          "overlap_count": 90,
          "params": {
            "density_weight": 8.507673432564726e-05,
            "iterations": 1200,
            "target_density": 0.8379468876990873
          },
          "proxy_cost": 1.1862249374389648,
          "seconds": 21.24493718147278,
          "wirelength_cost": 0.07233689725399017
        }
      },
      "best_params": {
        "density_weight": 8.507673432564726e-05,
        "iterations": 1200,
        "target_density": 0.8379468876990873
      },
      "best_proxy_cost": 1.1862249374389648,
      "best_trial": 31,
      "complete_trials": 40,
      "n_trials": 40,
      "study_name": "dreamplace_direct_proxy_search_ibm07"
    },
    "ibm08": {
      "best_benchmarks": {
        "ibm08": {
          "congestion_cost": 1.862951127558534,
          "density_cost": 0.5531424880027771,
          "overlap_count": 128,
          "params": {
            "density_weight": 0.00012144483683641539,
            "iterations": 1200,
            "target_density": 0.6813754042632668
          },
          "proxy_cost": 1.2834826707839966,
          "seconds": 24.918995141983032,
          "wirelength_cost": 0.0754358172416687
        }
      },
      "best_params": {
        "density_weight": 0.00012144483683641539,
        "iterations": 1200,
        "target_density": 0.6813754042632668
      },
      "best_proxy_cost": 1.2834826707839966,
      "best_trial": 16,
      "complete_trials": 40,
      "n_trials": 40,
      "study_name": "dreamplace_direct_proxy_search_ibm08"
    },
    "ibm09": {
      "best_benchmarks": {
        "ibm09": {
          "congestion_cost": 1.2114495950887705,
          "density_cost": 0.5000073313713074,
          "overlap_count": 28,
          "params": {
            "density_weight": 4.41484916968146e-05,
            "iterations": 1800,
            "target_density": 0.871070308790352
          },
          "proxy_cost": 0.920831024646759,
          "seconds": 26.153613090515137,
          "wirelength_cost": 0.06510254740715027
        }
      },
      "best_params": {
        "density_weight": 4.41484916968146e-05,
        "iterations": 1800,
        "target_density": 0.871070308790352
      },
      "best_proxy_cost": 0.920831024646759,
      "best_trial": 34,
      "complete_trials": 40,
      "n_trials": 40,
      "study_name": "dreamplace_direct_proxy_search_ibm09"
    },
    "ibm10": {
      "best_benchmarks": {
        "ibm10": {
          "congestion_cost": 1.5010432010682369,
          "density_cost": 0.5311378836631775,
          "overlap_count": 34,
          "params": {
            "density_weight": 3.471267890282133e-05,
            "iterations": 2300,
            "target_density": 0.6115926637547485
          },
          "proxy_cost": 1.0762817859649658,
          "seconds": 52.832550048828125,
          "wirelength_cost": 0.060191281139850616
        }
      },
      "best_params": {
        "density_weight": 3.471267890282133e-05,
        "iterations": 2300,
        "target_density": 0.6115926637547485
      },
      "best_proxy_cost": 1.0762817859649658,
      "best_trial": 34,
      "complete_trials": 40,
      "n_trials": 40,